INSERT INTO "TP2"."AEROPORT" (NO_AEROPORT, NOM) VALUES ('1', 'YUL');
INSERT INTO "TP2"."AEROPORT" (NO_AEROPORT, NOM) VALUES ('2', 'YYZ');
INSERT INTO "TP2"."AEROPORT" (NO_AEROPORT, NOM) VALUES ('3', 'YQB');
INSERT INTO "TP2"."AEROPORT" (NO_AEROPORT, NOM) VALUES ('4', 'YVR');

INSERT INTO "TP2"."CLIENT" (NO_CLIENT, NOM, MODE_PAIEMENT) VALUES ('789456', 'Charles', 'mastercard');
INSERT INTO "TP2"."CLIENT" (NO_CLIENT, NOM, MODE_PAIEMENT) VALUES ('123454', 'Jonathan', 'mastercard');
INSERT INTO "TP2"."CLIENT" (NO_CLIENT, NOM, MODE_PAIEMENT) VALUES ('632663', 'Olivier', 'debit');
INSERT INTO "TP2"."CLIENT" (NO_CLIENT, NOM, MODE_PAIEMENT) VALUES ('433121', 'Oussama', 'debit');

INSERT INTO "TP2"."ETAT" (NO_ETAT, ETAT_ACTUAL) VALUES ('101', 'Attente');
INSERT INTO "TP2"."ETAT" (NO_ETAT, ETAT_ACTUAL) VALUES ('102', 'En vol');
INSERT INTO "TP2"."ETAT" (NO_ETAT, ETAT_ACTUAL) VALUES ('103', 'Non effectué');
INSERT INTO "TP2"."ETAT" (NO_ETAT, ETAT_ACTUAL) VALUES ('104', 'Effectué');

INSERT INTO "TP2"."TRANSPORTEUR" (NO_TRANSPORTEUR, NOM) VALUES ('3666', 'Air Canada');
INSERT INTO "TP2"."TRANSPORTEUR" (NO_TRANSPORTEUR, NOM) VALUES ('4485', 'Air Transat');
INSERT INTO "TP2"."TRANSPORTEUR" (NO_TRANSPORTEUR, NOM) VALUES ('7113', 'WestJet');
INSERT INTO "TP2"."TRANSPORTEUR" (NO_TRANSPORTEUR, NOM) VALUES ('2115', 'British Airways');

INSERT INTO "TP2"."AVION" (NO_AVION, MANUFACTURIER, TRANSPORTEUR_NO_TRANSPORTEUR, MODELE, DESCRIPTION, CAPACITE, ETAT_NO_ETAT) VALUES ('10', 'Boeing', '3666', 'Petit', 'compacte', '150', '101');
INSERT INTO "TP2"."AVION" (NO_AVION, MANUFACTURIER, TRANSPORTEUR_NO_TRANSPORTEUR, MODELE, DESCRIPTION, CAPACITE, ETAT_NO_ETAT) VALUES ('20', 'Airbus', '4485', 'Large', 'rapide', '350', '102');
INSERT INTO "TP2"."AVION" (NO_AVION, MANUFACTURIER, TRANSPORTEUR_NO_TRANSPORTEUR, MODELE, DESCRIPTION, CAPACITE, ETAT_NO_ETAT) VALUES ('30', 'Airbus', '7113', 'Large', 'lente', '350', '103');
INSERT INTO "TP2"."AVION" (NO_AVION, MANUFACTURIER, TRANSPORTEUR_NO_TRANSPORTEUR, MODELE, DESCRIPTION, CAPACITE, ETAT_NO_ETAT) VALUES ('40', 'Bombardier', '2115', 'Medium', 'enorme', '300', '104');

INSERT INTO "TP2"."UTILISATEUR" (NO_UTILISATEUR, NOM, MOT_DE_PASSE) VALUES ('1212', 'nalgene', 'motdepasse');

INSERT INTO "TP2"."VOL" (NO_VOL, HEURE_DEPART, HEURE_ARRIVEE, AEROPORT_DEPART, DESTINATION, AVION_NO_AVION, PORTE, NB_PLACE, ETAT_NO_ETAT) VALUES ('768',TO_DATE('2019-05-23 02:00:00', 'YYYY-MM-DD HH24:MI:SS'),TO_DATE('2019-05-23 08:00:00', 'YYYY-MM-DD HH24:MI:SS'), 'YUL', 'YYZ', '10', '68', '150', '101');
INSERT INTO "TP2"."VOL" (NO_VOL, HEURE_DEPART, HEURE_ARRIVEE, AEROPORT_DEPART, DESTINATION, AVION_NO_AVION, PORTE, NB_PLACE, ETAT_NO_ETAT) VALUES ('484',TO_DATE('2019-05-25 04:00:00', 'YYYY-MM-DD HH24:MI:SS'),TO_DATE('2019-05-25 15:00:00', 'YYYY-MM-DD HH24:MI:SS'), 'YQB', 'YVR', '20', '69', '350', '102');
INSERT INTO "TP2"."VOL" (NO_VOL, HEURE_DEPART, HEURE_ARRIVEE, AEROPORT_DEPART, DESTINATION, AVION_NO_AVION, PORTE, NB_PLACE, ETAT_NO_ETAT) VALUES ('238',TO_DATE('2019-06-05 08:00:00', 'YYYY-MM-DD HH24:MI:SS'),TO_DATE('2019-06-05 16:30:00', 'YYYY-MM-DD HH24:MI:SS'), 'YVR', 'YQB', '30', '770', '350', '103');
INSERT INTO "TP2"."VOL" (NO_VOL, HEURE_DEPART, HEURE_ARRIVEE, AEROPORT_DEPART, DESTINATION, AVION_NO_AVION, PORTE, NB_PLACE, ETAT_NO_ETAT) VALUES ('308',TO_DATE('2019-07-20 23:00:00', 'YYYY-MM-DD HH24:MI:SS'),TO_DATE('2019-07-21 05:00:00', 'YYYY-MM-DD HH24:MI:SS'), 'YQB', 'YYZ', '40', '772', '300', '104');

INSERT INTO "TP2"."POSITION" (NO_POSITION, LONGITUDE, LATITUDE, ALTITUDE, ORIENTATION, VITESSE, VOL_NO_VOL) VALUES ('102384', '685', '542', '30000', 'Nord', '400', '238');
INSERT INTO "TP2"."POSITION" (NO_POSITION, LONGITUDE, LATITUDE, ALTITUDE, ORIENTATION, VITESSE, VOL_NO_VOL) VALUES ('432135', '475', '625', '35000', 'Est', '300', '768');
INSERT INTO "TP2"."POSITION" (NO_POSITION, LONGITUDE, LATITUDE, ALTITUDE, ORIENTATION, VITESSE, VOL_NO_VOL) VALUES ('972425', '4431', '327', '40000', 'Ouest', '500', '484');
INSERT INTO "TP2"."POSITION" (NO_POSITION, LONGITUDE, LATITUDE, ALTITUDE, ORIENTATION, VITESSE, VOL_NO_VOL) VALUES ('468423', '963', '928', '42000', 'Sud', '450', '308');

INSERT INTO "TP2"."PLACE" (NO_SIEGE, PRIX_SIEGE, CLIENT_NO_CLIENT, NO_VOL) VALUES ('14', '35', '123454', '484');
INSERT INTO "TP2"."PLACE" (NO_SIEGE, PRIX_SIEGE, CLIENT_NO_CLIENT, NO_VOL) VALUES ('36', '45', '632663', '238');
INSERT INTO "TP2"."PLACE" (NO_SIEGE, PRIX_SIEGE, CLIENT_NO_CLIENT, NO_VOL) VALUES ('44', '10', '433121', '308');
INSERT INTO "TP2"."PLACE" (NO_SIEGE, PRIX_SIEGE, CLIENT_NO_CLIENT, NO_VOL) VALUES ('4', '80', '789456', '768');

INSERT INTO "TP2"."PISTE" (NO_PISTE, AEROPORT_NO_AEROPORT, ETAT_NO_ETAT, VOL_NO_VOL) VALUES ('11', '1', '101', '768');
INSERT INTO "TP2"."PISTE" (NO_PISTE, AEROPORT_NO_AEROPORT, ETAT_NO_ETAT, VOL_NO_VOL) VALUES ('22', '2', '102', '484');
INSERT INTO "TP2"."PISTE" (NO_PISTE, AEROPORT_NO_AEROPORT, ETAT_NO_ETAT, VOL_NO_VOL) VALUES ('33', '3', '103', '238');
INSERT INTO "TP2"."PISTE" (NO_PISTE, AEROPORT_NO_AEROPORT, ETAT_NO_ETAT, VOL_NO_VOL) VALUES ('44', '4', '104', '308');

INSERT INTO "TP2"."EQUIPAGE" (NO_EQUIPAGE, NOM, VOL_NO_VOL) VALUES ('8888', 'team cool', '238');
INSERT INTO "TP2"."EQUIPAGE" (NO_EQUIPAGE, NOM, VOL_NO_VOL) VALUES ('7777', 'team alpha', '308');
INSERT INTO "TP2"."EQUIPAGE" (NO_EQUIPAGE, NOM, VOL_NO_VOL) VALUES ('6666', 'team blue', '484');
INSERT INTO "TP2"."EQUIPAGE" (NO_EQUIPAGE, NOM, VOL_NO_VOL) VALUES ('9999', 'team super', '768');


INSERT INTO "TP2"."EMPLOYE" (NO_EMPLOYE, NOM, EQUIPAGE_NO_EQUIPAGE) VALUES ('31212', 'Jack', '9999');
INSERT INTO "TP2"."EMPLOYE" (NO_EMPLOYE, NOM, EQUIPAGE_NO_EQUIPAGE) VALUES ('51235', 'John', '9999');
INSERT INTO "TP2"."EMPLOYE" (NO_EMPLOYE, NOM, EQUIPAGE_NO_EQUIPAGE) VALUES ('84663', 'Jane', '9999');
INSERT INTO "TP2"."EMPLOYE" (NO_EMPLOYE, NOM, EQUIPAGE_NO_EQUIPAGE) VALUES ('45682', 'Jim', '9999');

INSERT INTO "TP2"."BILLETS" (NO_BILLET, CLIENT_NO_CLIENT, PRIX) VALUES ('1111', '789456', '2500');
INSERT INTO "TP2"."BILLETS" (NO_BILLET, CLIENT_NO_CLIENT, PRIX) VALUES ('2222', '123454', '3000');
INSERT INTO "TP2"."BILLETS" (NO_BILLET, CLIENT_NO_CLIENT, PRIX) VALUES ('3333', '632663', '3500');
INSERT INTO "TP2"."BILLETS" (NO_BILLET, CLIENT_NO_CLIENT, PRIX) VALUES ('4444', '433121', '4000');
INSERT INTO "TP2"."BILLETS" (NO_BILLET, CLIENT_NO_CLIENT, PRIX) VALUES ('3434', '632663', '4500');
INSERT INTO "TP2"."BILLETS" (NO_BILLET, CLIENT_NO_CLIENT, PRIX) VALUES ('4343', '433121', '2500');
INSERT INTO "TP2"."BILLETS" (NO_BILLET, CLIENT_NO_CLIENT, PRIX) VALUES ('5135', '789456', '3100');
INSERT INTO "TP2"."BILLETS" (NO_BILLET, CLIENT_NO_CLIENT, PRIX) VALUES ('6237', '789456', '4000');
INSERT INTO "TP2"."BILLETS" (NO_BILLET, CLIENT_NO_CLIENT, PRIX) VALUES ('4361', '433121', '2000');
INSERT INTO "TP2"."BILLETS" (NO_BILLET, CLIENT_NO_CLIENT, PRIX) VALUES ('8974', '632663', '2800');
INSERT INTO "TP2"."BILLETS" (NO_BILLET, CLIENT_NO_CLIENT, PRIX) VALUES ('4544', '632663', '2800');

INSERT INTO "TP2"."AMIS" (NO_AMI, NOM, CLIENT_NO_CLIENT) VALUES ('423', 'Charles', '789456');
INSERT INTO "TP2"."AMIS" (NO_AMI, NOM, CLIENT_NO_CLIENT) VALUES ('428', 'Jonathan', '123454');
INSERT INTO "TP2"."AMIS" (NO_AMI, NOM, CLIENT_NO_CLIENT) VALUES ('300', 'Olivier', '632663');
INSERT INTO "TP2"."AMIS" (NO_AMI, NOM, CLIENT_NO_CLIENT) VALUES ('852', 'Oussama', '433121');


